,State Code,FTE - Employees on Payroll,Total Days Title XVIII,Total Days Title XIX,Total Days (V + XVIII + XIX + Unknown),Number of Beds,Total Bed Days Available,Total Discharges Title XVIII,Total Discharges Title XIX,Total Discharges (V + XVIII + XIX + Unknown),Number of Beds + Total for all Subproviders,Hospital Total Days Title XVIII For Adults & Peds,Hospital Total Days Title XIX For Adults & Peds,Hospital Total Days (V + XVIII + XIX + Unknown) For Adults & Peds,Hospital Number of Beds For Adults & Peds,Hospital Total Bed Days Available For Adults & Peds,Hospital Total Discharges Title XVIII For Adults & Peds,Hospital Total Discharges Title XIX For Adults & Peds,Hospital Total Discharges (V + XVIII + XIX + Unknown) For Adults & Peds,Total Bad Debt Expense,Total Salaries From Worksheet A,Depreciation Cost,Total Salaries (adjusted),Accounts Receivable,Less: Allowances for Uncollectible Notes and Accounts Receivable,Inventory,Prepaid Expenses,Total Current Assets,Land,Land Improvements,Buildings,Fixed Equipment,Major Movable Equipment,Total Fixed Assets,Total Assets,Accounts Payable,"Salaries, Wages, and Fees Payable",Total Current Liabilities,Total Long Term Liabilities,Total Liabilities,DRG Amounts After October 1,Less Contractual Allowance and Discounts on Patients' Accounts,Less Total Operating Expense
State Code,1.0,-0.0014724379970656829,-0.051308221533995134,-0.16820817577538755,-0.04456193819056357,-0.00043924800953291276,-0.05419258280630665,-0.057260928323444205,-0.1738472009110527,-0.060205155526983835,-0.0008088260403670488,-0.05360187672987073,-0.16671089156544444,-0.052559572489727126,0.0014040738700810615,-0.05814182982754319,-0.057260928323444205,-0.1738472009110527,-0.060205155526983835,-0.0016010476669906686,-0.03848189275893149,-0.005725949039104167,-0.03414185643260678,-0.10308187428634032,0.11348475248311352,-0.027269120961426696,-0.06704116174607878,-0.057663320494879385,-0.08309949889214899,-0.051910159513907934,-0.025941706135318418,0.03187235354984318,-0.033819932472426435,-0.035622526635820904,-0.05382514449634993,-0.03578518956476374,-0.04537087486681473,-0.055837985518158405,-0.04789516820873276,-0.05956985899343849,-0.12149600917029531,-0.09444720557532574,-0.03802412697149213
FTE - Employees on Payroll,-0.001472437997065683,0.9999999999999999,0.8053297238254035,0.551007866138463,0.8481967523592298,0.23390630582767755,0.8157821660991555,0.7588263336990962,0.43765847780402645,0.8190120478220203,0.24664526502875356,0.7936086500254433,0.5087932206033828,0.8526495678074494,0.19134261976440853,0.8083612567522444,0.7588263336990962,0.43765847780402645,0.8190120478220203,0.4903745223033134,0.9480590134179772,0.8696405771857613,0.9506887040580919,0.6599254569564139,-0.4845849785994185,0.8175776285848816,0.6043667818060521,0.6055458581170653,0.6178205585646874,0.6372007929433399,0.8311648807874458,0.4956321154716568,0.8508405464191383,0.8350379462851045,0.806440231077637,0.411656796526862,0.6878683880903063,0.4979957214055752,0.522084703270981,0.6008871587922744,0.633459440121729,0.7550284791999394,0.9413481200957167
Total Days Title XVIII,-0.051308221533995134,0.8053297238254034,1.0,0.5617020736527429,0.9146379538841238,0.25433112594027796,0.8844881306544694,0.981133737718612,0.4490835054652625,0.9079583170554311,0.265040953655136,0.9902213714767296,0.5254471262943322,0.9270756660728365,0.20973061336379722,0.883800894687664,0.981133737718612,0.4490835054652625,0.9079583170554311,0.486754232946875,0.7401445020496872,0.7632018492605332,0.7471072871199831,0.5620772688580202,-0.41228880012854835,0.7695232203343921,0.4580434659529265,0.5409318063556166,0.4908358273918529,0.5310106536102012,0.6514803294424978,0.5267594037150054,0.6986906324261346,0.7031113081548456,0.6279609688115948,0.3418263977927732,0.5084824269337351,0.374820219821287,0.2741744942997028,0.36516599272809347,0.7643791119496602,0.741988359008724,0.7747840412468778
Total Days Title XIX,-0.16820817577538758,0.551007866138463,0.5617020736527429,1.0,0.689561752936406,0.17577443680838786,0.6575374189990766,0.5180210137198762,0.8194999388391444,0.6637132422946213,0.1876931348267389,0.5467260601889256,0.9544709009956406,0.6667673590761706,0.13634581123834663,0.6323103715757976,0.5180210137198762,0.8194999388391444,0.6637132422946213,0.47515365211502386,0.49474655947171753,0.49382021433823203,0.4957644258585179,0.5061819362317702,-0.43059372042864136,0.5153125957865351,0.3289404341077885,0.383327513087384,0.3148517270113537,0.37492863310703306,0.40037432768747666,0.3809806886342537,0.45320156246511795,0.4335503790354793,0.41147245296525453,0.22891703998352458,0.34785622677529004,0.2429756734436609,0.1950003280316254,0.24937949213558114,0.4480565388857164,0.5033960908811541,0.535023866580643
Total Days (V + XVIII + XIX + Unknown),-0.04456193819056357,0.8481967523592298,0.9146379538841239,0.6895617529364061,1.0,0.2687269338887751,0.9685599612850293,0.8761409219973103,0.5398542770749568,0.9790870103983936,0.28262796464892304,0.895971328642408,0.6265252927560755,0.9899190462208178,0.21652510497839486,0.9537645209723878,0.8761409219973103,0.5398542770749568,0.9790870103983936,0.6074798309899553,0.7616157903575024,0.7912410200293561,0.7655063258635947,0.6126471660519747,-0.4694633705731514,0.8043537644216405,0.4623110564299496,0.5383271163231752,0.5603844921611978,0.5725871382802186,0.6654581023931927,0.5822316819765107,0.734097004581114,0.7173279346081886,0.6409562266320523,0.3708741203333183,0.5230709397653043,0.39982055758636686,0.24870596339149578,0.357437177029172,0.6883720562994143,0.8110692994976662,0.8082836834430515
Number of Beds,-0.00043924800953291276,0.23390630582767757,0.25433112594027796,0.17577443680838786,0.2687269338887751,1.0,0.27264738438706393,0.25098075874237896,0.13576712499964444,0.27333778127733077,0.998256270485416,0.25257174910999364,0.15716278077405996,0.268428730090015,0.9974537883680765,0.2717737397338697,0.25098075874237896,0.13576712499964444,0.27333778127733077,0.17379352514529806,0.20967365199201157,0.21887287038472497,0.210100236172819,0.17244541026963128,-0.13174332581341755,0.21270884841837523,0.1286560725158375,0.14169409740443406,0.1632270409716847,0.1498894220049822,0.1789444755356664,0.15194256583143187,0.1964329329291214,0.19441730912154725,0.17073363274577324,0.1020323392029489,0.16027210051578486,0.11313261020295853,0.06747306935485788,0.09901308206698448,0.18495274022194957,0.224292460662789,0.2192993983855738
Total Bed Days Available,-0.05419258280630665,0.8157821660991555,0.8844881306544695,0.6575374189990766,0.9685599612850293,0.272647384387064,0.9999999999999998,0.8575725382722904,0.5208324116214246,0.9570943861289056,0.2878037024317416,0.865339094978079,0.5889719618869563,0.9573060154467802,0.22042948895334177,0.9917632049697689,0.8575725382722904,0.5208324116214246,0.9570943861289056,0.6238175511291093,0.7255184040532509,0.77058987786511,0.7268463763154965,0.5979430386531546,-0.4643130080343904,0.7745325416615492,0.43905959196950295,0.5180769134885203,0.5715565996909353,0.5689297830300424,0.6424535345696013,0.5730982763683846,0.7121326492840769,0.6903595986351154,0.6188248425433011,0.3614199209932603,0.492831334986037,0.395933865141377,0.23953579121923452,0.3490110498238568,0.6724736827760578,0.7866859852976518,0.7717794795584951
Total Discharges Title XVIII,-0.0572609283234442,0.7588263336990964,0.9811337377186119,0.5180210137198763,0.8761409219973103,0.2509807587423789,0.8575725382722904,1.0,0.4313181858380439,0.8978961976239502,0.260764182747687,0.9752111312328509,0.4875589248652268,0.891348092902926,0.20904892173963582,0.8618040014082993,1.0,0.4313181858380439,0.8978961976239502,0.4724414791249713,0.689049781695683,0.7141134733988069,0.6957798883061324,0.5285825762232681,-0.39185923826556435,0.7235243206732273,0.41720927554666715,0.5063515673535589,0.455253116453915,0.5259213384310659,0.6006071696847558,0.5248099041826342,0.6592367614556898,0.6582987041894696,0.5783639517566659,0.2944724059181676,0.46300683041649554,0.3376082651873921,0.24341053431392887,0.3263137215252186,0.7795857703669463,0.7021928624225974,0.7190988703848238
Total Discharges Title XIX,-0.17384720091105269,0.43765847780402645,0.44908350546526243,0.8194999388391444,0.5398542770749567,0.13576712499964444,0.5208324116214245,0.4313181858380439,1.0,0.5445340321054888,0.14567308882311336,0.4425547595140413,0.8037740452139596,0.5322870196501158,0.10732801223715666,0.5125935037839533,0.4313181858380439,1.0,0.5445340321054888,0.42329755363724325,0.37881142319148836,0.38638858120807335,0.38032598935793227,0.37725146880140736,-0.32088010285638624,0.3811954348225869,0.25633632998127265,0.282270226125595,0.2358025401668068,0.32769993891794197,0.2944698739890269,0.30279131008400556,0.3484167882659969,0.32693558096494346,0.29462865617846634,0.13280441711651447,0.2778585348670128,0.10944398856790505,0.1460967357459907,0.15505101844755861,0.4044644488213967,0.36587808783259207,0.3976492030581852
Total Discharges (V + XVIII + XIX + Unknown),-0.060205155526983835,0.8190120478220204,0.9079583170554311,0.6637132422946213,0.9790870103983936,0.27333778127733077,0.9570943861289055,0.8978961976239501,0.5445340321054888,1.0,0.28607765522839224,0.8942777839774616,0.6055081519123506,0.9741324675455324,0.22334164237606258,0.9480702887034647,0.8978961976239501,0.5445340321054888,1.0,0.6074591890332087,0.7230773277747746,0.7619732343919715,0.7291974139963715,0.5869685253616438,-0.45402242001033655,0.7694203484858148,0.4453472072036381,0.5181494130018569,0.5390489589985668,0.5801504258292784,0.6261855796351788,0.5964806832211379,0.7060490585441735,0.6935505162482701,0.6037268052838644,0.3173386210157329,0.49606914338732955,0.36037869831073893,0.23729868261499537,0.33180235119819484,0.7073722848704812,0.7860283638898726,0.759800465648322
Number of Beds + Total for all Subproviders,-0.0008088260403670489,0.24664526502875356,0.265040953655136,0.18769313482673894,0.28262796464892304,0.9982562704854159,0.2878037024317416,0.260764182747687,0.14567308882311333,0.2860776552283922,1.0,0.26298895629085167,0.16852255920920373,0.28244024409902124,0.9948424623172316,0.2868476268517193,0.260764182747687,0.14567308882311333,0.2860776552283922,0.18412388135929922,0.22107096839306078,0.22817276957303267,0.22114692694486818,0.1855617878117539,-0.14486942034484365,0.22192613313858187,0.13556898394759614,0.14751056538950297,0.16984928006116362,0.15784643802359272,0.18700406105738812,0.1640762597269841,0.2066976169267779,0.201270245461593,0.17707609539348584,0.1051144974621746,0.16630295121229083,0.11884552316027046,0.07325298326118486,0.10575283923199769,0.19370040928969667,0.2373117934885804,0.2312210920915714
Hospital Total Days Title XVIII For Adults & Peds,-0.05360187672987073,0.7936086500254435,0.9902213714767296,0.5467260601889254,0.895971328642408,0.25257174910999364,0.865339094978079,0.9752111312328507,0.4425547595140413,0.8942777839774617,0.26298895629085167,1.0,0.5173131719549785,0.9215620104305181,0.21179675685933333,0.8763187431894586,0.9752111312328507,0.4425547595140413,0.8942777839774617,0.468458097375128,0.7337953013839815,0.7522382134147524,0.7407590503064795,0.5516766963627957,-0.40301947987293685,0.7509027308093116,0.4595558403789195,0.544236580595681,0.4796965325559647,0.5256686043417736,0.6426750153231875,0.521066650340899,0.6887484138595924,0.6959330884686181,0.6244630535418111,0.33794917182697504,0.5084554975039524,0.3749667414419288,0.27204533192627744,0.3636688800250763,0.7675242801808037,0.7278104937530746,0.7640082170358184
Hospital Total Days Title XIX For Adults & Peds,-0.16671089156544447,0.5087932206033828,0.5254471262943322,0.9544709009956405,0.6265252927560755,0.15716278077405996,0.5889719618869563,0.48755892486522684,0.8037740452139596,0.6055081519123505,0.16852255920920373,0.5173131719549786,1.0,0.6206284195672829,0.12407496303895311,0.5751152039119695,0.48755892486522684,0.8037740452139596,0.6055081519123505,0.4274894519054793,0.4609974285717011,0.4447217436386533,0.4631083411070376,0.4809161019245968,-0.4171983565871254,0.462987017679279,0.2959759843896354,0.34474232921909115,0.2510768975373146,0.33937852316806827,0.3564117128099304,0.34606527638677675,0.4073420328454925,0.38507982289223114,0.3608469154194643,0.16412676516507305,0.31880434565337173,0.19540855386576683,0.18315324132008284,0.21986441910957571,0.42796731330915455,0.44947258243625626,0.4905067315109022
Hospital Total Days (V + XVIII + XIX + Unknown) For Adults & Peds,-0.052559572489727126,0.8526495678074495,0.9270756660728366,0.6667673590761707,0.9899190462208179,0.268428730090015,0.9573060154467802,0.8913480929029262,0.5322870196501158,0.9741324675455323,0.2824402440990213,0.9215620104305181,0.6206284195672829,1.0,0.2202402554611992,0.9565779050767912,0.8913480929029262,0.5322870196501158,0.9741324675455323,0.5915420069012742,0.7686685962752862,0.7938971497952942,0.7732301382721747,0.6101386783015005,-0.4669778095189972,0.7953456104548059,0.46669882464994383,0.5438510775651214,0.5537826582918668,0.5774021546935241,0.6676244043840139,0.5798151727932548,0.7350968954197198,0.720298846009397,0.6446042627399884,0.3609849335137541,0.5277118079257634,0.3967779570326434,0.26855621107639316,0.3706606964812923,0.7025572891076932,0.8041009410947951,0.8118432228188236
Hospital Number of Beds For Adults & Peds,0.0014040738700810617,0.19134261976440853,0.2097306133637972,0.13634581123834663,0.21652510497839486,0.9974537883680765,0.22042948895334175,0.20904892173963582,0.10732801223715664,0.22334164237606258,0.9948424623172316,0.21179675685933333,0.1240749630389531,0.22024025546119919,1.0,0.22397564466045958,0.20904892173963582,0.10732801223715664,0.22334164237606258,0.13965934057153073,0.17205070577725487,0.1772624817302026,0.1723660928846413,0.13940159305359676,-0.10607530646708747,0.16893973635918683,0.10485888819623583,0.11472816307044868,0.13186718029324793,0.12139580101785089,0.14378913843166016,0.12297205601297227,0.15854079354522777,0.1574947942343256,0.1372985754020966,0.0792231665811172,0.134748777115709,0.09124233772394355,0.05516490726874097,0.08040284134798624,0.15221410710850497,0.18094115146913434,0.17776101863687757
Hospital Total Bed Days Available For Adults & Peds,-0.05814182982754319,0.8083612567522444,0.8838008946876639,0.6323103715757976,0.9537645209723877,0.2717737397338697,0.9917632049697689,0.8618040014082993,0.5125935037839533,0.9480702887034647,0.2868476268517193,0.8763187431894587,0.5751152039119695,0.9565779050767912,0.22397564466045955,1.0,0.8618040014082993,0.5125935037839533,0.9480702887034647,0.6122621215091973,0.7190704731955996,0.7582554889044268,0.7201931947294029,0.5853873403788683,-0.4538572737660124,0.7552822627977646,0.4301181649277562,0.513867521786058,0.55980759557335,0.5692680366444175,0.6297046158716461,0.5727502251666678,0.7031808728314037,0.6802333607390121,0.6080451332934455,0.34153151925172504,0.4853757557883324,0.3867407468747153,0.23826413410567554,0.34405324905052315,0.6766974282243312,0.7708796386269212,0.7591010798992169
Hospital Total Discharges Title XVIII For Adults & Peds,-0.0572609283234442,0.7588263336990964,0.9811337377186119,0.5180210137198763,0.8761409219973103,0.2509807587423789,0.8575725382722904,1.0,0.4313181858380439,0.8978961976239502,0.260764182747687,0.9752111312328509,0.4875589248652268,0.891348092902926,0.20904892173963582,0.8618040014082993,1.0,0.4313181858380439,0.8978961976239502,0.4724414791249713,0.689049781695683,0.7141134733988069,0.6957798883061324,0.5285825762232681,-0.39185923826556435,0.7235243206732273,0.41720927554666715,0.5063515673535589,0.455253116453915,0.5259213384310659,0.6006071696847558,0.5248099041826342,0.6592367614556898,0.6582987041894696,0.5783639517566659,0.2944724059181676,0.46300683041649554,0.3376082651873921,0.24341053431392887,0.3263137215252186,0.7795857703669463,0.7021928624225974,0.7190988703848238
Hospital Total Discharges Title XIX For Adults & Peds,-0.17384720091105269,0.43765847780402645,0.44908350546526243,0.8194999388391444,0.5398542770749567,0.13576712499964444,0.5208324116214245,0.4313181858380439,1.0,0.5445340321054888,0.14567308882311336,0.4425547595140413,0.8037740452139596,0.5322870196501158,0.10732801223715666,0.5125935037839533,0.4313181858380439,1.0,0.5445340321054888,0.42329755363724325,0.37881142319148836,0.38638858120807335,0.38032598935793227,0.37725146880140736,-0.32088010285638624,0.3811954348225869,0.25633632998127265,0.282270226125595,0.2358025401668068,0.32769993891794197,0.2944698739890269,0.30279131008400556,0.3484167882659969,0.32693558096494346,0.29462865617846634,0.13280441711651447,0.2778585348670128,0.10944398856790505,0.1460967357459907,0.15505101844755861,0.4044644488213967,0.36587808783259207,0.3976492030581852
Hospital Total Discharges (V + XVIII + XIX + Unknown) For Adults & Peds,-0.060205155526983835,0.8190120478220204,0.9079583170554311,0.6637132422946213,0.9790870103983936,0.27333778127733077,0.9570943861289055,0.8978961976239501,0.5445340321054888,1.0,0.28607765522839224,0.8942777839774616,0.6055081519123506,0.9741324675455324,0.22334164237606258,0.9480702887034647,0.8978961976239501,0.5445340321054888,1.0,0.6074591890332087,0.7230773277747746,0.7619732343919715,0.7291974139963715,0.5869685253616438,-0.45402242001033655,0.7694203484858148,0.4453472072036381,0.5181494130018569,0.5390489589985668,0.5801504258292784,0.6261855796351788,0.5964806832211379,0.7060490585441735,0.6935505162482701,0.6037268052838644,0.3173386210157329,0.49606914338732955,0.36037869831073893,0.23729868261499537,0.33180235119819484,0.7073722848704812,0.7860283638898726,0.759800465648322
Total Bad Debt Expense,-0.0016010476669906686,0.49037452230331335,0.486754232946875,0.47515365211502386,0.6074798309899553,0.17379352514529806,0.6238175511291093,0.4724414791249713,0.4232975536372433,0.6074591890332087,0.18412388135929922,0.468458097375128,0.4274894519054793,0.5915420069012742,0.13965934057153073,0.6122621215091975,0.4724414791249713,0.4232975536372433,0.6074591890332087,1.0,0.42428195647494604,0.43911557343697444,0.41169739311377573,0.4499935777479958,-0.40649779488348964,0.47636695551447283,0.2978499814488587,0.32674253677741066,0.38810281789803236,0.35182680567095503,0.3494603483574527,0.33948280577917067,0.3870820214902125,0.4020747168436553,0.36835771603716333,0.211649219957125,0.31654722430006954,0.25858949930360264,0.17330974604184501,0.24031096346337316,0.40245606320401606,0.5402027917287994,0.43900700969918166
Total Salaries From Worksheet A,-0.03848189275893149,0.9480590134179772,0.7401445020496873,0.49474655947171753,0.7616157903575024,0.20967365199201157,0.7255184040532509,0.689049781695683,0.37881142319148836,0.7230773277747746,0.22107096839306078,0.7337953013839814,0.4609974285717012,0.7686685962752862,0.17205070577725487,0.7190704731955995,0.689049781695683,0.37881142319148836,0.7230773277747746,0.424281956474946,1.0,0.8321463989263915,0.9966343068254369,0.6969059266629682,-0.5225284984973299,0.8013459847072362,0.6354535904634406,0.6560723709804391,0.5942400038504945,0.5732845021549983,0.8423416095063306,0.3898314280410613,0.8395996786982692,0.8311431182465709,0.8433282359721557,0.4113834767400077,0.7360573790114057,0.5456663892690106,0.5612143516080715,0.6504532880784176,0.6239207625553486,0.7609637083608387,0.9608996144131569
Depreciation Cost,-0.005725949039104167,0.8696405771857612,0.7632018492605332,0.49382021433823203,0.7912410200293561,0.21887287038472497,0.7705898778651099,0.714113473398807,0.38638858120807335,0.7619732343919714,0.22817276957303267,0.7522382134147524,0.4447217436386533,0.7938971497952942,0.1772624817302026,0.7582554889044268,0.714113473398807,0.38638858120807335,0.7619732343919714,0.43911557343697444,0.8321463989263914,0.9999999999999998,0.839939021405997,0.5302215278045902,-0.3454075129323261,0.7793900239698726,0.5900353182885845,0.5440152945052198,0.6662459042315876,0.6283796794492924,0.8297614190372652,0.4547195345380065,0.802070908085536,0.8538667426427694,0.7757754310126451,0.4628722972291193,0.6368427975651572,0.46079622430352535,0.4614803214114776,0.5401590019576031,0.5788112458453273,0.7209234375907128,0.8564622941341804
Total Salaries (adjusted),-0.03414185643260679,0.950688704058092,0.7471072871199832,0.49576442585851793,0.7655063258635946,0.21010023617281903,0.7268463763154965,0.6957798883061324,0.3803259893579322,0.7291974139963715,0.2211469269448682,0.7407590503064794,0.46310834110703764,0.7732301382721747,0.17236609288464133,0.7201931947294029,0.6957798883061324,0.3803259893579322,0.7291974139963715,0.41169739311377573,0.996634306825437,0.839939021405997,1.0,0.690707734904782,-0.511884757671895,0.8034398951822223,0.6434634602019043,0.6475055328351588,0.6000590352405664,0.5715777035155897,0.8460219630859982,0.39841459283191333,0.8411494856391742,0.8390950174259363,0.8440261311290277,0.41397247492843015,0.7345405714217781,0.5343921488634549,0.5599058216065018,0.6445572038244337,0.6326708914406104,0.7660451742808034,0.9633180716493926
Accounts Receivable,-0.10308187428634032,0.659925456956414,0.5620772688580202,0.5061819362317703,0.6126471660519747,0.17244541026963128,0.5979430386531546,0.528582576223268,0.37725146880140736,0.5869685253616438,0.1855617878117539,0.5516766963627957,0.4809161019245968,0.6101386783015005,0.13940159305359676,0.5853873403788683,0.528582576223268,0.37725146880140736,0.5869685253616438,0.44999357774799587,0.6969059266629681,0.5302215278045902,0.690707734904782,1.0,-0.9588581391525051,0.6520584307477733,0.43951659724339726,0.5752527478454378,0.3911632769744064,0.39564771209209526,0.627425546656958,0.37263175651916114,0.6201917947872868,0.6243332336388538,0.6574534858011142,0.28640476154259265,0.5341957980376102,0.4339310612470365,0.4356761955650459,0.5094741428134171,0.564508217093427,0.706169354747283,0.735499856533297
Less: Allowances for Uncollectible Notes and Accounts Receivable,0.11348475248311352,-0.4845849785994185,-0.41228880012854835,-0.4305937204286414,-0.4694633705731514,-0.13174332581341755,-0.46431300803439046,-0.3918592382655644,-0.32088010285638624,-0.45402242001033655,-0.14486942034484365,-0.40301947987293685,-0.4171983565871254,-0.4669778095189972,-0.10607530646708746,-0.4538572737660124,-0.3918592382655644,-0.32088010285638624,-0.45402242001033655,-0.40649779488348964,-0.5225284984973299,-0.345407512932326,-0.511884757671895,-0.9588581391525051,1.0,-0.48092483909986133,-0.2999344106009038,-0.4676804162274354,-0.24509310876521773,-0.2802228272308162,-0.44839903642724876,-0.31434588195097424,-0.4478360443593002,-0.4470333376103742,-0.4784212215382754,-0.14310174519486601,-0.3961693184176259,-0.3346860659745839,-0.3457365913066982,-0.4000676994044119,-0.4571330861082526,-0.5788236910353776,-0.5534256957908275
Inventory,-0.027269120961426696,0.8175776285848816,0.7695232203343921,0.5153125957865352,0.8043537644216404,0.2127088484183752,0.7745325416615492,0.7235243206732273,0.38119543482258694,0.7694203484858148,0.22192613313858184,0.7509027308093116,0.4629870176792791,0.7953456104548058,0.16893973635918683,0.7552822627977647,0.7235243206732273,0.38119543482258694,0.7694203484858148,0.47636695551447283,0.8013459847072362,0.7793900239698726,0.8034398951822223,0.6520584307477733,-0.4809248390998613,1.0,0.5300336882760497,0.5421765156719932,0.5953797116987762,0.5448371558827136,0.7721848961344577,0.4787725855337059,0.8204987121035643,0.8208073159272267,0.7867384386284711,0.4846873883613101,0.6300852188771185,0.49776332998231976,0.36725912806320954,0.487255135013022,0.5990469754920638,0.7848928705564708,0.8490964495098675
Prepaid Expenses,-0.06704116174607877,0.6043667818060521,0.45804346595292644,0.32894043410778856,0.4623110564299496,0.1286560725158375,0.439059591969503,0.41720927554666715,0.25633632998127265,0.44534720720363813,0.13556898394759617,0.45955584037891944,0.2959759843896354,0.4666988246499439,0.10485888819623582,0.4301181649277561,0.41720927554666715,0.25633632998127265,0.44534720720363813,0.2978499814488587,0.6354535904634405,0.5900353182885846,0.6434634602019043,0.43951659724339726,-0.2999344106009038,0.5300336882760497,1.0,0.5263218716016834,0.4803507813424829,0.3257254963279902,0.6350235463257016,0.2030764176413427,0.5575628853238239,0.6488134802418515,0.6947207099706089,0.4918352968063249,0.6792373461801322,0.4432489201370949,0.4665622942638112,0.5362021966575364,0.48847733345265615,0.5409210511891389,0.6549337938554222
Total Current Assets,-0.05766332049487938,0.6055458581170653,0.5409318063556164,0.383327513087384,0.5383271163231752,0.1416940974044341,0.5180769134885203,0.5063515673535589,0.282270226125595,0.5181494130018569,0.14751056538950297,0.5442365805956811,0.3447423292190912,0.5438510775651214,0.11472816307044868,0.513867521786058,0.5063515673535589,0.282270226125595,0.5181494130018569,0.32674253677741066,0.656072370980439,0.5440152945052198,0.6475055328351589,0.5752527478454377,-0.46768041622743545,0.5421765156719932,0.5263218716016834,1.0,0.4042667932415332,0.37497674717007634,0.623981715616443,0.27461350395008743,0.5376094332732273,0.6150069710650085,0.7504166312072332,0.3413132918964571,0.5853719512364294,0.6087656742246729,0.4447050738859155,0.5926483495316092,0.4344806087261492,0.531590543077513,0.6508240997572924
Land,-0.08309949889214899,0.6178205585646873,0.4908358273918529,0.3148517270113537,0.5603844921611978,0.16322704097168467,0.5715565996909353,0.455253116453915,0.23580254016680682,0.5390489589985668,0.1698492800611636,0.4796965325559648,0.2510768975373146,0.5537826582918669,0.13186718029324793,0.55980759557335,0.455253116453915,0.23580254016680682,0.5390489589985668,0.38810281789803236,0.5942400038504945,0.6662459042315875,0.6000590352405665,0.3911632769744064,-0.24509310876521773,0.5953797116987761,0.4803507813424829,0.4042667932415332,1.0,0.5180919449855498,0.646678329166814,0.352528764310635,0.6218477151669518,0.7013867460777136,0.6702054454384809,0.4938197302956813,0.516735985668279,0.42072204526568613,0.4409245957085799,0.50753894886758,0.3494305837438516,0.5459323007625724,0.6238301280932802
Land Improvements,-0.051910159513907934,0.63720079294334,0.5310106536102012,0.374928633107033,0.5725871382802186,0.1498894220049822,0.5689297830300425,0.5259213384310659,0.32769993891794197,0.5801504258292784,0.15784643802359274,0.5256686043417736,0.33937852316806827,0.5774021546935241,0.12139580101785089,0.5692680366444175,0.5259213384310659,0.32769993891794197,0.5801504258292784,0.35182680567095503,0.5732845021549983,0.6283796794492924,0.5715777035155898,0.39564771209209526,-0.28022282723081626,0.5448371558827136,0.3257254963279902,0.37497674717007634,0.5180919449855498,0.9999999999999999,0.5963893138440829,0.4949999087758592,0.6296233846488979,0.6157812133329539,0.5575328223012401,0.2565421595235682,0.42233099431835663,0.3409491250925299,0.39182621278344615,0.43660658756840925,0.3689392475717031,0.45544954845025337,0.5807631267175797
Buildings,-0.02594170613531842,0.8311648807874459,0.6514803294424978,0.40037432768747666,0.6654581023931927,0.1789444755356664,0.6424535345696014,0.6006071696847559,0.2944698739890269,0.6261855796351787,0.18700406105738812,0.6426750153231875,0.3564117128099304,0.6676244043840139,0.14378913843166016,0.6297046158716461,0.6006071696847559,0.2944698739890269,0.6261855796351787,0.34946034835745277,0.8423416095063306,0.8297614190372651,0.8460219630859981,0.627425546656958,-0.44839903642724876,0.7721848961344577,0.6350235463257015,0.6239817156164431,0.646678329166814,0.5963893138440829,1.0,0.34245010794117203,0.8265358361925443,0.9454424485635646,0.880564472060181,0.5067251943031142,0.7250664586745962,0.5397161369283281,0.6053142177825025,0.680185380092026,0.5008284644209531,0.6663491239928199,0.8733175342872773
Fixed Equipment,0.03187235354984318,0.49563211547165686,0.5267594037150054,0.3809806886342537,0.5822316819765107,0.1519425658314319,0.5730982763683846,0.5248099041826342,0.3027913100840055,0.5964806832211378,0.1640762597269841,0.5210666503408989,0.34606527638677675,0.5798151727932548,0.12297205601297229,0.5727502251666678,0.5248099041826342,0.3027913100840055,0.5964806832211378,0.33948280577917067,0.3898314280410613,0.4547195345380065,0.39841459283191333,0.3726317565191612,-0.3143458819509743,0.4787725855337059,0.20307641764134268,0.27461350395008743,0.35252876431063507,0.4949999087758592,0.34245010794117203,1.0,0.4636397955761806,0.4795308565654031,0.3237213458233685,0.07728189164804113,0.2735199936356228,0.147846150983015,0.034296071040388294,0.08988486036351445,0.37546742181976056,0.49582740009965354,0.4085120878178524
Major Movable Equipment,-0.03381993247242644,0.8508405464191382,0.6986906324261346,0.45320156246511795,0.734097004581114,0.19643293292912137,0.7121326492840768,0.6592367614556897,0.3484167882659969,0.7060490585441735,0.2066976169267779,0.6887484138595924,0.4073420328454924,0.7350968954197198,0.15854079354522777,0.7031808728314037,0.6592367614556897,0.3484167882659969,0.7060490585441735,0.3870820214902124,0.8395996786982691,0.802070908085536,0.8411494856391742,0.6201917947872867,-0.4478360443593002,0.8204987121035643,0.5575628853238239,0.5376094332732273,0.6218477151669517,0.6296233846488979,0.8265358361925443,0.4636397955761806,0.9999999999999998,0.8281497948221552,0.8498451794485768,0.5760204613210149,0.6693083713311553,0.564460176798808,0.5328786486091481,0.6379044209529182,0.5569149645016952,0.6763500502676687,0.8692285719737118
Total Fixed Assets,-0.0356225266358209,0.8350379462851045,0.7031113081548456,0.4335503790354794,0.7173279346081884,0.19441730912154725,0.6903595986351154,0.6582987041894697,0.32693558096494346,0.6935505162482702,0.201270245461593,0.6959330884686181,0.38507982289223114,0.720298846009397,0.15749479423432558,0.680233360739012,0.6582987041894697,0.32693558096494346,0.6935505162482702,0.40207471684365526,0.8311431182465708,0.8538667426427694,0.8390950174259363,0.6243332336388538,-0.4470333376103742,0.8208073159272266,0.6488134802418515,0.6150069710650086,0.7013867460777136,0.6157812133329539,0.9454424485635646,0.4795308565654031,0.8281497948221553,1.0,0.8701615714163914,0.4669694410138303,0.7295448851578348,0.5127824130632114,0.5311663829208629,0.614021097454283,0.5716243882339428,0.7266002492548682,0.859238202681264
Total Assets,-0.053825144496349925,0.806440231077637,0.6279609688115948,0.41147245296525453,0.6409562266320523,0.17073363274577324,0.6188248425433011,0.5783639517566659,0.29462865617846634,0.6037268052838642,0.17707609539348584,0.6244630535418111,0.3608469154194643,0.6446042627399884,0.13729857540209664,0.6080451332934455,0.5783639517566659,0.29462865617846634,0.6037268052838642,0.36835771603716333,0.8433282359721557,0.775775431012645,0.8440261311290277,0.6574534858011142,-0.4784212215382754,0.786738438628471,0.6947207099706089,0.7504166312072332,0.6702054454384809,0.5575328223012402,0.8805644720601808,0.3237213458233685,0.8498451794485768,0.8701615714163914,1.0,0.6660837924697942,0.7693486543683018,0.6958608733627183,0.6273107030041998,0.7646848579359861,0.5121217506026244,0.6756665385367842,0.8845438693700106
Accounts Payable,-0.03578518956476374,0.411656796526862,0.3418263977927732,0.22891703998352458,0.3708741203333183,0.10203233920294891,0.3614199209932603,0.29447240591816765,0.13280441711651447,0.31733862101573285,0.1051144974621746,0.33794917182697504,0.16412676516507305,0.36098493351375405,0.0792231665811172,0.341531519251725,0.29447240591816765,0.13280441711651447,0.31733862101573285,0.21164921995712502,0.41138347674000775,0.4628722972291193,0.4139724749284302,0.2864047615425927,-0.143101745194866,0.4846873883613101,0.4918352968063249,0.34131329189645704,0.4938197302956814,0.2565421595235681,0.5067251943031142,0.07728189164804113,0.5760204613210148,0.46696944101383037,0.6660837924697942,1.0,0.48701840043164113,0.595856774548062,0.36960595100758714,0.5319274526876712,0.21698703402179698,0.34780390256771737,0.5484350225383904
"Salaries, Wages, and Fees Payable",-0.04537087486681472,0.6878683880903061,0.5084824269337352,0.34785622677529004,0.5230709397653043,0.16027210051578483,0.49283133498603693,0.46300683041649554,0.2778585348670128,0.49606914338732955,0.16630295121229083,0.5084554975039524,0.3188043456533718,0.5277118079257634,0.134748777115709,0.4853757557883324,0.46300683041649554,0.2778585348670128,0.49606914338732955,0.3165472243000695,0.7360573790114058,0.6368427975651572,0.7345405714217781,0.5341957980376102,-0.39616931841762587,0.6300852188771185,0.6792373461801322,0.5853719512364294,0.516735985668279,0.4223309943183566,0.7250664586745962,0.2735199936356228,0.6693083713311553,0.7295448851578348,0.7693486543683018,0.4870184004316411,1.0,0.5512882408446886,0.5418560702722997,0.6387198743334903,0.4557686922317331,0.5519909158055666,0.7249373547637267
Total Current Liabilities,-0.055837985518158405,0.4979957214055752,0.37482021982128705,0.2429756734436609,0.3998205575863668,0.11313261020295853,0.3959338651413771,0.3376082651873921,0.10944398856790506,0.360378698310739,0.11884552316027046,0.37496674144192876,0.19540855386576683,0.39677795703264346,0.09124233772394354,0.3867407468747154,0.3376082651873921,0.10944398856790506,0.360378698310739,0.25858949930360264,0.5456663892690105,0.46079622430352535,0.5343921488634549,0.4339310612470365,-0.3346860659745839,0.49776332998231976,0.4432489201370948,0.6087656742246729,0.42072204526568613,0.34094912509252984,0.5397161369283281,0.147846150983015,0.564460176798808,0.5127824130632114,0.6958608733627183,0.595856774548062,0.5512882408446886,1.0,0.42136397707027784,0.7468396724194812,0.29801466670482063,0.4080425709852089,0.5759734776676503
Total Long Term Liabilities,-0.04789516820873276,0.522084703270981,0.27417449429970286,0.1950003280316254,0.24870596339149578,0.06747306935485788,0.2395357912192345,0.24341053431392887,0.14609673574599072,0.23729868261499534,0.07325298326118486,0.27204533192627744,0.18315324132008284,0.26855621107639316,0.055164907268740966,0.23826413410567554,0.24341053431392887,0.14609673574599072,0.23729868261499534,0.17330974604184501,0.5612143516080715,0.46148032141147766,0.5599058216065017,0.4356761955650459,-0.3457365913066982,0.36725912806320954,0.4665622942638112,0.44470507388591546,0.44092459570857995,0.3918262127834461,0.6053142177825025,0.034296071040388294,0.532878648609148,0.5311663829208629,0.6273107030041998,0.3696059510075872,0.5418560702722997,0.4213639770702778,1.0,0.9177780104671899,0.23606440028999132,0.2466748058725894,0.5548499220843027
Total Liabilities,-0.05956985899343849,0.6008871587922744,0.3651659927280935,0.2493794921355811,0.35743717702917194,0.09901308206698448,0.34901104982385683,0.3263137215252186,0.15505101844755861,0.33180235119819484,0.1057528392319977,0.3636688800250763,0.21986441910957571,0.3706606964812923,0.08040284134798624,0.34405324905052315,0.3263137215252186,0.15505101844755861,0.33180235119819484,0.24031096346337316,0.6504532880784176,0.5401590019576031,0.6445572038244338,0.5094741428134172,-0.4000676994044119,0.48725513501302203,0.5362021966575364,0.5926483495316093,0.5075389488675799,0.43660658756840925,0.680185380092026,0.08988486036351447,0.6379044209529182,0.6140210974542831,0.7646848579359861,0.5319274526876712,0.6387198743334903,0.7468396724194812,0.91777801046719,0.9999999999999999,0.30359040645346147,0.3595478843601596,0.6590567267289822
DRG Amounts After October 1,-0.12149600917029531,0.633459440121729,0.7643791119496602,0.4480565388857164,0.6883720562994143,0.18495274022194957,0.6724736827760579,0.7795857703669464,0.4044644488213968,0.7073722848704811,0.19370040928969667,0.7675242801808037,0.42796731330915455,0.7025572891076933,0.15221410710850497,0.6766974282243312,0.7795857703669464,0.4044644488213968,0.7073722848704811,0.40245606320401606,0.6239207625553487,0.5788112458453274,0.6326708914406104,0.564508217093427,-0.4571330861082526,0.5990469754920639,0.4884773334526561,0.4344806087261492,0.34943058374385155,0.3689392475717031,0.5008284644209531,0.3754674218197605,0.5569149645016952,0.5716243882339428,0.5121217506026245,0.216987034021797,0.4557686922317331,0.29801466670482063,0.2360644002899913,0.30359040645346147,0.9999999999999999,0.6721560574041203,0.6462959330774372
Less Contractual Allowance and Discounts on Patients' Accounts,-0.09444720557532572,0.7550284791999394,0.741988359008724,0.5033960908811541,0.8110692994976662,0.22429246066278902,0.7866859852976518,0.7021928624225974,0.36587808783259207,0.7860283638898727,0.23731179348858042,0.7278104937530746,0.4494725824362562,0.8041009410947952,0.1809411514691343,0.7708796386269213,0.7021928624225974,0.36587808783259207,0.7860283638898727,0.5402027917287994,0.7609637083608388,0.7209234375907128,0.7660451742808035,0.706169354747283,-0.5788236910353776,0.7848928705564708,0.5409210511891389,0.5315905430775131,0.5459323007625725,0.45544954845025337,0.6663491239928199,0.4958274000996534,0.6763500502676687,0.7266002492548682,0.6756665385367842,0.34780390256771737,0.5519909158055666,0.4080425709852089,0.24667480587258936,0.3595478843601596,0.6721560574041203,1.0,0.8040148301179857
Less Total Operating Expense,-0.03802412697149213,0.9413481200957166,0.7747840412468778,0.535023866580643,0.8082836834430515,0.21929939838557377,0.7717794795584952,0.7190988703848238,0.3976492030581852,0.759800465648322,0.2312210920915714,0.7640082170358183,0.4905067315109022,0.8118432228188237,0.1777610186368776,0.7591010798992169,0.7190988703848238,0.3976492030581852,0.759800465648322,0.43900700969918166,0.960899614413157,0.8564622941341804,0.9633180716493925,0.735499856533297,-0.5534256957908275,0.8490964495098676,0.6549337938554222,0.6508240997572924,0.6238301280932802,0.5807631267175797,0.8733175342872773,0.4085120878178524,0.869228571973712,0.8592382026812642,0.8845438693700106,0.5484350225383904,0.7249373547637266,0.5759734776676503,0.5548499220843027,0.6590567267289822,0.6462959330774372,0.8040148301179857,1.0
