,Provider CCN,State Code,Rural Versus Urban,CCN Facility Type,Provider Type,Type of Control,Fiscal Year Begin Date,Fiscal Year End Date,FTE - Employees on Payroll,Total Days Title XVIII,Total Days Title XIX,Total Days (V + XVIII + XIX + Unknown),Number of Beds,Total Bed Days Available,Total Discharges Title XVIII,Total Discharges Title XIX,Total Discharges (V + XVIII + XIX + Unknown),Number of Beds + Total for all Subproviders,Hospital Total Days Title XVIII For Adults & Peds,Hospital Total Days Title XIX For Adults & Peds,Hospital Total Days (V + XVIII + XIX + Unknown) For Adults & Peds,Hospital Number of Beds For Adults & Peds,Hospital Total Bed Days Available For Adults & Peds,Hospital Total Discharges Title XVIII For Adults & Peds,Hospital Total Discharges Title XIX For Adults & Peds,Hospital Total Discharges (V + XVIII + XIX + Unknown) For Adults & Peds,Total Bad Debt Expense,Total Salaries From Worksheet A,Depreciation Cost,Total Salaries (adjusted),Cash on Hand and in Banks,Accounts Receivable,Less: Allowances for Uncollectible Notes and Accounts Receivable,Inventory,Prepaid Expenses,Total Current Assets,Land,Land Improvements,Buildings,Fixed Equipment,Major Movable Equipment,Total Fixed Assets,Other Assets,Total Other Assets,Total Assets,Accounts Payable,"Salaries, Wages, and Fees Payable",Other Current Liabilities,Total Current Liabilities,Other Long Term Liabilities,Total Long Term Liabilities,Total Liabilities,DRG Amounts After October 1,Less Contractual Allowance and Discounts on Patients' Accounts,Less Total Operating Expense,Net Income,Community Population,Community Poverty Perc.,Community Elderly Perc.,Profit,shortage_num,stratum,Split
627,450388,TX,U,STH,1,5,2016-07-01,2017-06-30,6547.53,115311.0,17668.0,423605.0,1499.0,544854.0,20486.0,2926.0,78435.0,1576.0,94258.0,11269.0,312884.0,1187.0,432738.0,20486.0,2926.0,78435.0,136541274.0,403204922.0,59250393.0,405861397.0,168949.0,379745653.0,-184482327.0,48035193.0,3232447.0,247760509.0,36209682.0,13660428.0,247926169.0,242785212.0,341734710.0,608855206.0,115954.0,115954.0,856731669.0,50586100.0,25293019.0,413203.0,72074476.0,1188201.0,-1777251015.0,-1705176539.0,143907937.0,7197431264.0,1216144723.0,197278952.0,32338.0,25.357847191297157,8.646174778897892,Profit,131,Q3,train
1802,360180,OH,U,STH,1,2,2018-01-01,2018-12-31,24349.0,106649.0,14059.0,371194.0,1285.0,467372.0,14812.0,1573.0,51373.0,1285.0,83457.0,9944.0,286417.0,996.0,363540.0,14812.0,1573.0,51373.0,62749388.0,2374428445.0,260194915.0,2375307613.0,227097439.0,949973204.0,-201788189.0,99264268.0,59573963.0,1272679068.0,180328493.0,83065382.0,3914741253.0,15850869.0,2007992423.0,2758516507.0,460205987.0,5912800367.0,9943995942.0,378456204.0,261999035.0,345154451.0,1421547532.0,974962282.0,3512233611.0,4933781143.0,54626560.0,11852944890.0,5775457364.0,9128000.0,1253783.0,18.07767978981242,17.340799803474763,Profit,185,Q1,train
1110,50625,CA,R,STH,1,2,2017-07-01,2018-06-30,11766.13,118149.0,16880.0,272413.0,880.0,321200.0,19747.0,3133.0,56087.0,880.0,104906.0,12068.0,219489.0,709.0,258785.0,19747.0,3133.0,56087.0,46685411.0,1275492121.0,174036185.0,1351311869.0,320173086.0,585523139.0,-105086000.0,32368785.0,157573980.0,3176744875.0,113522220.0,1568813.0,2337794312.0,26470722.0,407050488.0,2190042361.0,524236246.0,1057883773.0,6424671009.0,314926692.0,295674447.0,42812519.0,653597033.0,147567091.0,1368450166.0,2022047199.0,224735785.0,13507162670.0,3171148710.0,420685887.0,22892.0,8.076020023922386,15.826489603354885,Profit,149,Q3,train
634,100038,FL,U,STH,1,11,2016-05-01,2017-04-30,6917.6,31733.0,19984.0,201918.0,878.0,332345.0,5181.0,2698.0,31678.0,1022.0,27087.0,9739.0,138569.0,702.0,268105.0,5181.0,2698.0,31678.0,264959546.0,904065796.0,61408098.0,601487637.0,424557650.0,767782567.0,-622368775.0,21484114.0,15381560.0,2069058739.0,29213809.0,17532489.0,694007466.0,1493232.0,481460601.0,447704630.0,94898569.0,361503128.0,2878266497.0,53019258.0,132986406.0,22804761.0,1270452034.0,278617824.0,919781364.0,2190233398.0,29757762.0,4670383156.0,1132583428.0,6248531.0,47461.0,10.8409537646355,20.32194854722825,Profit,138,Q1,train
896,220077,MA,R,STH,1,2,2016-10-01,2017-09-30,6067.63,70669.0,23009.0,194677.0,692.0,252462.0,13802.0,4048.0,37810.0,720.0,64121.0,16612.0,158250.0,575.0,209757.0,13802.0,4048.0,37810.0,20290114.0,414245118.0,58606133.0,414245118.0,65429707.0,140496271.0,-26739012.0,26575258.0,8700372.0,478860238.0,12369482.0,15804351.0,748522654.0,79260833.0,578355722.0,579243424.0,32728366.0,281681013.0,1339784675.0,60289764.0,35328202.0,37158915.0,148467577.0,44620087.0,426594029.0,575061606.0,151410968.0,1227514757.0,1148497829.0,108997839.0,469188.0,17.22530028527376,15.726531795357085,Profit,131,Q3,train
1983,100038,FL,R,STH,1,11,2019-05-01,2020-04-30,7785.1,28763.0,18951.0,196252.0,772.0,281079.0,4299.0,2135.0,27117.0,929.0,25215.0,8578.0,130699.0,585.0,214110.0,4299.0,2135.0,27117.0,81916562.0,1051697687.0,59577978.0,1051697687.0,657969066.0,710856791.0,-589200304.0,26608002.0,19851012.0,2558052967.0,40360572.0,20633596.0,812493981.0,3323475.0,542192609.0,496207143.0,235075936.0,235075936.0,3289336046.0,49790165.0,121854981.0,33438168.0,1683713394.0,227835718.0,904774301.0,2588487695.0,28598815.0,5808467968.0,2163705640.0,-812047969.0,1942273.0,12.713381246699488,16.66887198658479,Loss,231,Q0,train
1278,100038,FL,U,STH,1,11,2017-05-01,2018-04-30,7272.2,31370.0,17466.0,197449.0,870.0,317428.0,5051.0,2562.0,31270.0,1013.0,26266.0,8911.0,134442.0,694.0,253188.0,5051.0,2562.0,31270.0,234265173.0,957582372.0,44395032.0,641042323.0,539134186.0,743939745.0,-606077228.0,24163673.0,18512581.0,2141816464.0,30764798.0,20517354.0,758519197.0,5035270.0,503781017.0,491734096.0,185231821.0,409377025.0,3042927585.0,60537013.0,149828804.0,28624645.0,1384354934.0,257672252.0,1010431390.0,2394786324.0,30700479.0,5095079559.0,1194211774.0,-57939760.0,49350.0,10.723551455750936,19.835866261398177,Loss,145,Q0,train
1205,100006,FL,U,STH,1,2,2016-10-01,2017-09-30,10729.0,56993.0,24869.0,371119.0,1454.0,530710.0,11293.0,4802.0,84298.0,1579.0,50917.0,13414.0,276535.0,1182.0,431430.0,11293.0,4802.0,84298.0,74364296.0,640982531.0,109002568.0,675678139.0,336148155.0,362515194.0,-119565821.0,48183904.0,34053867.0,737888624.0,66575538.0,48208298.0,915057905.0,522757679.0,1118539721.0,1065606757.0,226511532.0,1410719734.0,3214215115.0,100290331.0,109094427.0,91395383.0,339480692.0,996387432.0,996387432.0,1335868124.0,115651598.0,8043966618.0,1540921706.0,426394997.0,27324.0,14.718516843771196,14.086517347386913,Profit,131,Q3,train
2455,360059,OH,U,STH,1,13,2019-01-01,2019-12-31,6843.85,18926.0,8348.0,111831.0,533.0,194545.0,3672.0,1015.0,20869.0,620.0,14333.0,5348.0,71910.0,405.0,147825.0,3672.0,1015.0,20869.0,30133839.0,628897383.0,56318873.0,628897383.0,48042902.0,144515501.0,-21647567.0,18629843.0,15795673.0,262502370.0,200423270.0,13688531.0,583050049.0,154849174.0,409444339.0,538676365.0,1021916717.0,1469938489.0,2271117224.0,64994705.0,79935556.0,32549713.0,179899431.0,1469358835.0,2524241199.0,2704140630.0,35276722.0,2595961781.0,1423715225.0,-94696127.0,40056.0,27.600711048796978,11.553824645496306,Loss,235,Q0,train
2520,450213,TX,R,STH,1,11,2019-01-01,2019-12-31,7546.0,26890.0,21968.0,182782.0,623.0,227213.0,4228.0,3714.0,30132.0,650.0,22290.0,13420.0,133216.0,477.0,173923.0,4228.0,3714.0,30132.0,141787981.0,527447302.0,74479214.0,527401335.0,310462288.0,409212693.0,-282365603.0,24370556.0,63830424.0,1082407990.0,5273298.0,15652766.0,1348448907.0,28717980.0,88333391.0,1072365802.0,1101267703.0,1128069411.0,3282843203.0,196896847.0,256772925.0,70373021.0,555367793.0,1367816992.0,1367816992.0,1923184785.0,11903216.0,3087746456.0,1956104040.0,150427446.0,34125.0,25.317669623591467,9.12820512820513,Profit,235,Q3,train
538,310001,NJ,U,STH,1,2,2016-01-01,2016-12-31,7401.73,68217.0,12389.0,213522.0,687.0,251442.0,10974.0,1791.0,36668.0,711.0,61753.0,6868.0,170025.0,599.0,219234.0,10974.0,1791.0,36668.0,58437235.0,664402555.0,72556994.0,664402555.0,204127854.0,214184917.0,-51696567.0,37305497.0,14229202.0,1053495376.0,8189348.0,5491167.0,762922616.0,99276635.0,456754998.0,637199052.0,94482400.0,364777953.0,2055472381.0,152311795.0,56801551.0,57948958.0,453872974.0,329682169.0,869012385.0,1322885359.0,37106909.0,3296840166.0,1603878458.0,108374636.0,44271.0,14.5809627754685,13.645501569876442,Profit,152,Q3,train
560,100007,FL,U,STH,1,2,2016-01-01,2016-12-31,18992.45,209774.0,44777.0,706953.0,2546.0,931836.0,35553.0,4958.0,136833.0,2635.0,175791.0,18472.0,556002.0,2114.0,773724.0,35553.0,4958.0,136833.0,195343773.0,1187419294.0,182199423.0,1187346294.0,1473809252.0,198108007.0,-157839395.0,85736972.0,14676443.0,2187885573.0,184705090.0,95965935.0,1243203274.0,1083228684.0,1009220892.0,2057382601.0,19655874.0,21903916.0,4267172090.0,118632188.0,113813011.0,22539543.0,442715877.0,28171125.0,834167058.0,1276882935.0,79169307.0,12298650976.0,3080721880.0,430164777.0,17529.0,10.317551301157858,11.991556848650808,Profit,152,Q3,train
1875,100038,FL,U,STH,1,11,2018-05-01,2019-04-30,7494.94,29114.0,17585.0,194862.0,870.0,317550.0,4397.0,2220.0,30148.0,1013.0,24731.0,7061.0,127871.0,694.0,253310.0,4397.0,2220.0,30148.0,141450075.0,999402039.0,61084737.0,675173571.0,370846275.0,799670446.0,-641926100.0,25102246.0,21506870.0,2356460031.0,30878588.0,29849337.0,801565660.0,2332358.0,520865240.0,515023285.0,164322887.0,392787265.0,3264270581.0,51885776.0,162628385.0,39666609.0,1637940200.0,261261637.0,951576800.0,2589517000.0,28244204.0,5590398100.0,2083358388.0,-767230684.0,49941.0,9.613466587962304,19.63516950001001,Loss,204,Q0,train
1941,420004,SC,U,STH,1,10,2019-07-01,2020-06-30,7485.77,50686.0,22318.0,198920.0,858.0,269011.0,8834.0,2833.0,38490.0,962.0,39125.0,12200.0,141500.0,629.0,197406.0,8834.0,2833.0,38490.0,92566785.0,540102020.0,87155973.0,510167983.0,221692051.0,652011230.0,-420609345.0,62861803.0,73342267.0,660253592.0,30677551.0,33859632.0,936615731.0,60267789.0,211531221.0,846007913.0,227646464.0,570865922.0,2077127427.0,100941259.0,76471870.0,329199.0,476271513.0,2200669032.0,2200669032.0,2676940545.0,80607648.0,3440922549.0,1787048379.0,15741637.0,407543.0,12.844194294837465,16.380848155900114,Profit,221,Q2,train
1847,450388,TX,U,STH,1,5,2018-07-01,2019-06-30,6943.18,112934.0,16488.0,439844.0,1560.0,565142.0,20692.0,3021.0,83063.0,1637.0,90866.0,9332.0,324059.0,1223.0,446973.0,20692.0,3021.0,83063.0,132823818.0,451339523.0,75238156.0,454265105.0,734292.0,507498180.0,-253605888.0,50712542.0,3969756.0,308726779.0,36340323.0,13747143.0,336064786.0,379260931.0,428819589.0,685069251.0,1917222.0,1917222.0,995713252.0,48657878.0,30201711.0,1355009.0,83346266.0,2073302.0,-2111950755.0,-2028604489.0,153762156.0,9305236045.0,1384393508.0,254418362.0,34125.0,25.317669623591467,9.12820512820513,Profit,212,Q3,train
1905,50327,CA,U,STH,1,1,2019-07-01,2020-06-30,4798.37,25801.0,12700.0,119654.0,469.0,171654.0,4399.0,1775.0,22122.0,530.0,18783.0,8741.0,83762.0,348.0,127368.0,4399.0,1775.0,22122.0,37635560.0,439442615.0,10542100.0,439440584.0,111605595.0,1041854931.0,-895995906.0,35568111.0,7835436.0,459304906.0,28065718.0,534316.0,520881788.0,111023932.0,739808798.0,724605390.0,2938940170.0,2938940170.0,4122850466.0,118994188.0,59470779.0,1222526479.0,1301239246.0,106510578.0,1843480409.0,3144719655.0,49200838.0,5119960027.0,1455436888.0,116696194.0,2162532.0,14.980888043898174,11.562002319503248,Profit,221,Q3,train
542,100006,FL,U,STH,1,2,2015-10-01,2016-09-30,10602.0,57631.0,29836.0,375997.0,1422.0,520452.0,10891.0,10490.0,84413.0,1547.0,51847.0,16067.0,279923.0,1151.0,421266.0,10891.0,10490.0,84413.0,126959541.0,605378317.0,105813872.0,642437681.0,245833915.0,346053352.0,-102728852.0,25109727.0,34095197.0,619451299.0,57136984.0,47988902.0,893832633.0,481338326.0,1054149778.0,1034483627.0,195625559.0,1183477908.0,2837412834.0,74445936.0,105643300.0,75834560.0,292728320.0,985676123.0,985676123.0,1278404443.0,105572329.0,7020303831.0,1439118141.0,300480459.0,26797.0,14.953630661484588,14.359816397357914,Profit,213,Q3,train
1871,390164,PA,U,STH,1,2,2018-07-01,2019-06-30,8866.99,77106.0,8280.0,324243.0,1175.0,420097.0,12582.0,915.0,48307.0,1484.0,62730.0,6262.0,262433.0,971.0,346688.0,12582.0,915.0,48307.0,59959003.0,535270301.0,89969513.0,533555176.0,128283.0,1063443127.0,-817605064.0,14122604.0,13851850.0,325602913.0,43451395.0,19794392.0,1308543653.0,497562214.0,519317591.0,818717028.0,9650040.0,105509698.0,1249829639.0,28787937.0,-8.0,-11502055.0,20942389.0,1299632.0,3502021.0,24444410.0,99428927.0,12564786189.0,2362262393.0,-171613931.0,27878.0,51.90699142511443,9.344285816773084,Loss,212,Q0,train
1184,390164,PA,U,STH,1,2,2017-07-01,2018-06-30,8672.26,81961.0,8097.0,331629.0,1181.0,422326.0,13422.0,927.0,51490.0,1493.0,66050.0,6400.0,266854.0,961.0,344652.0,13422.0,927.0,51490.0,57043111.0,513363674.0,90286513.0,511869895.0,121456.0,998651316.0,-766470479.0,14464545.0,7463528.0,308840874.0,53173949.0,19549345.0,1225708046.0,482966313.0,485295305.0,778706303.0,9650001.0,107419335.0,1194966512.0,28157722.0,-78318.0,-1181873.0,30549381.0,1300000.0,6073219.0,36622600.0,109567263.0,11734359875.0,2180978999.0,-70915470.0,28047.0,51.19022540551927,9.968980639640604,Loss,149,Q0,train
1104,50441,CA,U,STH,1,2,2017-09-01,2018-08-31,10338.63,55364.0,8296.0,144224.0,447.0,163155.0,10010.0,1077.0,26067.0,477.0,48598.0,6691.0,124375.0,380.0,138700.0,10010.0,1077.0,26067.0,21640541.0,1324046430.0,39379894.0,1276545219.0,944439618.0,2655739219.0,-2093215045.0,50162608.0,40652750.0,1697674735.0,20517753.0,8976735.0,1283008327.0,72460049.0,1051530104.0,1104910557.0,2486017549.0,4274908867.0,7077494159.0,343246839.0,169228801.0,289842216.0,981757834.0,383370138.0,2095336842.0,3077094676.0,189705991.0,13933287917.0,3798273217.0,577119923.0,15730.0,23.493558664634993,4.532739987285442,Profit,170,Q3,train
2010,100006,FL,U,STH,1,2,2018-10-01,2019-09-30,11745.0,68351.0,28322.0,435287.0,1497.0,546405.0,13856.0,5101.0,98707.0,1622.0,62497.0,15442.0,338479.0,1226.0,447490.0,13856.0,5101.0,98707.0,253196054.0,759996993.0,119187146.0,804172624.0,438086283.0,526481095.0,-237298035.0,55141269.0,34871692.0,950951686.0,124970531.0,60117219.0,1028876786.0,565822598.0,1370162585.0,1316030096.0,352274726.0,2216280410.0,4483262192.0,168057448.0,152641105.0,136874978.0,505309899.0,1469945594.0,1469945594.0,1975255493.0,133583637.0,11160201414.0,1925434691.0,510618153.0,27661.0,13.669251604764202,13.61845197209067,Profit,240,Q3,train
1180,310001,NJ,U,STH,1,2,2017-01-01,2017-12-31,7332.48,68715.0,19197.0,214412.0,687.0,250755.0,10836.0,1448.0,35198.0,711.0,62086.0,12445.0,171622.0,599.0,218635.0,10836.0,1448.0,35198.0,59645710.0,696295982.0,82672045.0,696295982.0,291283025.0,230922795.0,-53050304.0,33601084.0,12748237.0,917301209.0,8204499.0,5766240.0,754018161.0,101440000.0,507755793.0,649037318.0,92466548.0,274449201.0,1840787728.0,170072663.0,74791041.0,67097113.0,599022281.0,415158509.0,446862472.0,1045884753.0,38292069.0,3442023516.0,1650497597.0,160409305.0,44673.0,14.27882074496197,14.301703489803684,Profit,142,Q3,train
1869,100006,FL,U,STH,1,2,2017-10-01,2018-09-30,11164.0,60410.0,32291.0,402267.0,1468.0,535820.0,12800.0,5236.0,92416.0,1593.0,54521.0,16343.0,305121.0,1196.0,436540.0,12800.0,5236.0,92416.0,157082548.0,690070381.0,113253107.0,727362213.0,533207011.0,466639350.0,-175609226.0,51878352.0,37580802.0,1022518308.0,97427131.0,51080082.0,1023998136.0,534938413.0,1176729632.0,1169773609.0,211311743.0,1833566083.0,4025858000.0,111775123.0,130747378.0,126139077.0,412310000.0,1344523000.0,1344523000.0,1756833000.0,126630223.0,9509755301.0,1717442918.0,520030000.0,27768.0,13.880056200547216,13.540766349755115,Profit,171,Q3,train
1306,50441,CA,U,STH,1,2,2018-09-01,2019-08-31,11288.93,55585.0,8622.0,147372.0,447.0,163155.0,10044.0,1141.0,26371.0,477.0,49033.0,7382.0,127493.0,380.0,138700.0,10044.0,1141.0,26371.0,36035822.0,1447525286.0,50917850.0,1422350216.0,864780007.0,1685141926.0,-1063271255.0,60950302.0,64290033.0,1728458412.0,20517753.0,8976735.0,1351883968.0,73034018.0,1106520856.0,1061814611.0,3002221864.0,5010502182.0,7800775205.0,459171597.0,207185833.0,289733454.0,1201237386.0,576638647.0,2269617913.0,3470855299.0,200809377.0,15760749839.0,4213404308.0,1014667033.0,16397.0,20.55877701634159,4.262974934439226,Profit,235,Q3,train
653,310113,NJ,U,STH,1,2,2016-01-01,2016-12-31,891.66,15608.0,1491.0,29048.0,152.0,55632.0,3596.0,246.0,8121.0,172.0,13384.0,510.0,24136.0,140.0,51240.0,3596.0,246.0,8121.0,5865329.0,63215175.0,6084199.0,63215175.0,257112458.0,474650553.0,-321663263.0,34390186.0,9181365.0,922507999.0,32024276.0,13628267.0,1049975771.0,217126069.0,596327684.0,974961000.0,622583768.0,751732001.0,2649201000.0,44697491.0,81234606.0,168689530.0,356563000.0,350169378.0,956190000.0,1312753000.0,8771460.0,722331393.0,165169068.0,21819173.0,24793.0,6.533464084334397,19.4772718105917,Profit,152,Q2,train
2498,390164,PA,R,STH,1,2,2019-07-01,2020-06-30,8813.56,69173.0,7046.0,295755.0,1129.0,401183.0,10990.0,801.0,43950.0,1438.0,56400.0,5444.0,238531.0,926.0,327028.0,10990.0,801.0,43950.0,54288022.0,551141969.0,91138680.0,549325574.0,163645.0,1120465736.0,-874099793.0,8953042.0,10328523.0,317071562.0,43451395.0,19910060.0,1328649880.0,537328449.0,544502830.0,818897091.0,9650120.0,104532002.0,1240500655.0,29065179.0,-1.0,166073361.0,198280575.0,1300000.0,1700874.0,199981449.0,93084484.0,12376967702.0,2459191813.0,-210612813.0,1218380.0,11.299469310255027,18.93867266370098,Loss,221,Q0,train
1845,310001,NJ,U,STH,1,2,2018-01-01,2018-12-31,6489.04,69437.0,20191.0,220920.0,687.0,250755.0,10525.0,1448.0,36706.0,711.0,63181.0,13903.0,183298.0,599.0,218635.0,10525.0,1448.0,36706.0,29722601.0,581185842.0,68917997.0,581185842.0,77078114.0,237239219.0,-75074159.0,38817353.0,3644357.0,3037616003.0,8077011.0,5782468.0,643846936.0,102976932.0,479962000.0,542955349.0,162655253.0,341980433.0,3922551785.0,204558250.0,66893374.0,-1.0,2488285550.0,406905511.0,476804212.0,2965089762.0,40578683.0,3910555088.0,1619128039.0,156840209.0,44381.0,12.871081106076018,14.19751695545391,Profit,185,Q3,train
2311,50060,CA,U,STH,1,2,2019-09-01,2020-08-31,4703.21,44067.0,56731.0,224535.0,761.0,278526.0,6904.0,3685.0,36481.0,899.0,37772.0,33417.0,175095.0,589.0,215574.0,6904.0,3685.0,36481.0,30339619.0,395970711.0,37056934.0,395970711.0,125666266.0,186427394.0,-80133292.0,16196881.0,29207253.0,626163487.0,11661405.0,10163095.0,502358705.0,75964903.0,266502710.0,422716906.0,70233924.0,742663336.0,1791543729.0,42127801.0,60847130.0,90804311.0,284754019.0,127012867.0,323313574.0,608067593.0,89343061.0,3539356647.0,1706149685.0,-213694714.0,990204.0,20.787430702912665,12.232731841115568,Loss,220,Q0,train
647,310034,NJ,U,STH,1,2,2016-01-01,2016-12-31,1368.45,28417.0,5730.0,57556.0,269.0,98454.0,5306.0,989.0,13327.0,299.0,26220.0,4820.0,50525.0,242.0,88572.0,5306.0,989.0,13327.0,8134531.0,105506588.0,10489329.0,105506588.0,257112458.0,474650553.0,-321663263.0,34390186.0,9181365.0,922507999.0,32024276.0,13628267.0,1049975771.0,217126069.0,596327684.0,974961000.0,622583768.0,751732001.0,2649201000.0,44697491.0,81234606.0,168689530.0,356563000.0,350169378.0,956190000.0,1312753000.0,13530753.0,1104721235.0,259327473.0,30001188.0,23768.0,9.600712105798577,17.212218108381016,Profit,152,Q2,train
2306,100128,FL,U,STH,1,2,2018-10-01,2019-09-30,7062.25,66375.0,30800.0,279091.0,898.0,327770.0,11013.0,4881.0,52886.0,957.0,52174.0,20589.0,198234.0,669.0,244185.0,11013.0,4881.0,52886.0,163218114.0,489249986.0,54016481.0,489249985.0,26837734.0,1194862513.0,-1028381862.0,27740932.0,20837858.0,490724545.0,46639635.0,7996827.0,532313962.0,24532148.0,513843307.0,527579242.0,65798377.0,875651059.0,1893954846.0,103361626.0,53246270.0,176447977.0,337695906.0,66756157.0,435767194.0,773463100.0,106817112.0,6298865991.0,1366629587.0,80022857.0,20576.0,10.911634413616229,11.314152410575428,Profit,240,Q3,train
1358,240115,MN,U,STH,1,2,2018-01-01,2018-12-31,2731.49,49077.0,9330.0,125703.0,466.0,170090.0,11593.0,2252.0,29771.0,481.0,45324.0,8791.0,111653.0,431.0,157315.0,11593.0,2252.0,29771.0,23191852.0,249887041.0,14060381.0,249704349.0,-112479.0,279914057.0,-180328501.0,13053581.0,14135.0,3562461062.0,2364387.0,8250378.0,291605994.0,28022594.0,161300127.0,224851236.0,13783073.0,15982774.0,3803295072.0,7736882.0,16899052.0,2943049755.0,2968905462.0,3092189.0,3092189.0,2971997651.0,30310607.0,1270706667.0,696946806.0,50546344.0,34606.0,8.208803644488292,16.349765936542795,Profit,185,Q3,validation
1763,360137,OH,U,STH,1,2,2018-01-01,2018-12-31,7041.33,43175.0,7547.0,179173.0,624.0,226049.0,6733.0,1413.0,30066.0,691.0,34990.0,5672.0,140441.0,515.0,186880.0,6733.0,1413.0,30066.0,9621920.0,543836509.0,102223111.0,532789065.0,6881000.0,352592000.0,-60445000.0,39596000.0,5721000.0,424913000.0,15760000.0,23194000.0,1008418000.0,37314000.0,536409000.0,598307000.0,186432000.0,189557000.0,1212777000.0,72353000.0,603000.0,37315000.0,134014000.0,44856000.0,44856000.0,178870000.0,21704021.0,4014448540.0,1725448982.0,228564404.0,25752.0,36.869418860161765,14.919229574401989,Profit,185,Q3,validation
1335,450213,TX,R,STH,1,11,2018-01-01,2018-12-31,7269.78,25206.0,21393.0,174087.0,606.0,221190.0,4068.0,3827.0,29631.0,633.0,20898.0,13035.0,127768.0,460.0,167900.0,4068.0,3827.0,29631.0,140481915.0,490410016.0,79054312.0,489550458.0,-5128254.0,399584108.0,-279435860.0,21186745.0,59272502.0,1051373794.0,5273298.0,15652766.0,1344665133.0,76881464.0,80482187.0,1162660985.0,872978824.0,874392548.0,3088427327.0,178503317.0,226937847.0,72842706.0,501473870.0,1377722525.0,1377722525.0,1879196395.0,10670342.0,2756625398.0,1854259215.0,93064038.0,31771.0,25.787522166693535,9.209656605080104,Profit,185,Q3,validation
1810,150056,IN,U,STH,1,2,2018-01-01,2018-12-31,8534.0,80503.0,20938.0,322722.0,1226.0,447388.0,12499.0,2215.0,50673.0,1262.0,67128.0,6060.0,232109.0,914.0,333508.0,12499.0,2215.0,50673.0,94861420.0,668610348.0,130323206.0,665205312.0,610420952.0,447547153.0,-11373166.0,68739797.0,56204564.0,1263635843.0,151130560.0,26821022.0,1958776614.0,-1753697.0,1427180664.0,1427546560.0,5158027262.0,6053049025.0,8744231428.0,2057275120.0,214960827.0,43607814.0,2418395603.0,15248242.0,1771301994.0,4189697597.0,38663830.0,5991849764.0,3469131965.0,367212397.0,20007.0,27.519422256264363,7.78727445394112,Profit,185,Q3,validation
624,450213,TX,U,STH,1,11,2016-01-01,2016-12-31,7269.0,24559.0,26114.0,165613.0,595.0,217770.0,4019.0,4718.0,27341.0,622.0,19263.0,14870.0,116890.0,447.0,163602.0,4019.0,4718.0,27341.0,136750936.0,437290463.0,77724070.0,437290463.0,19293459.0,490322068.0,-397895007.0,18439014.0,18750594.0,936126481.0,5273298.0,15590957.0,1275894616.0,31589166.0,89153739.0,1171053714.0,480987810.0,482247192.0,2589427387.0,134797105.0,185343322.0,77629346.0,428034773.0,1089129239.0,1089129239.0,1517164012.0,10092694.0,2202274567.0,1555487720.0,82156215.0,30821.0,25.538461538461537,9.182051198857922,Profit,152,Q3,validation
1270,450388,TX,U,STH,1,5,2017-07-01,2018-06-30,6762.9,118962.0,15895.0,441250.0,1548.0,553461.0,21281.0,2732.0,81478.0,1625.0,96509.0,9362.0,325909.0,1230.0,440068.0,21281.0,2732.0,81478.0,142196641.0,427972827.0,72036340.0,431296716.0,22184.0,437099058.0,-211773998.0,50707182.0,3261894.0,280389267.0,37921330.0,13747143.0,264817986.0,259735614.0,364199322.0,656828769.0,83273.0,83273.0,937301309.0,52511048.0,27946145.0,446817.0,82815120.0,1482939.0,-1915413207.0,-1832598087.0,151179709.0,8151378661.0,1301296869.0,207991225.0,31771.0,25.787522166693535,9.209656605080104,Profit,149,Q3,validation
2489,450388,TX,U,STH,1,5,2019-07-01,2020-06-30,6946.72,104820.0,15772.0,439522.0,1586.0,580415.0,19469.0,2724.0,83342.0,1665.0,82898.0,8657.0,313545.0,1234.0,451461.0,19469.0,2724.0,83342.0,111325883.0,459212872.0,81767113.0,463083342.0,3026.0,476225845.0,-239417114.0,53571593.0,4308937.0,294873598.0,38212600.0,13899718.0,357878430.0,452182419.0,386903533.0,741168003.0,4578489.0,4578489.0,1040620090.0,63490023.0,34276594.0,175898194.0,274418773.0,4273813.0,-2568864253.0,-2294445480.0,149897575.0,10012645047.0,1374321269.0,310782207.0,1978826.0,15.59905579615398,12.09889095857847,Profit,221,Q3,validation
1881,520138,WI,R,STH,1,2,2018-01-01,2018-12-31,6142.23,70482.0,17011.0,227336.0,868.0,316290.0,11472.0,3005.0,39683.0,933.0,58113.0,11941.0,171814.0,675.0,245845.0,11472.0,3005.0,39683.0,39488422.0,433027837.0,51152461.0,395022251.0,1897712074.0,812602228.0,-588364846.0,28329284.0,3055862.0,2154485049.0,14948695.0,1893359.0,877256288.0,23591561.0,211363822.0,528370247.0,100215537.0,100215537.0,2783070833.0,56970157.0,29002519.0,13981596.0,103199676.0,5292099.0,269227394.0,372427070.0,32004783.0,4311583745.0,1432705380.0,164327597.0,60938.0,29.971567428174698,8.06065181003643,Profit,185,Q3,validation
572,360180,OH,U,STH,1,2,2016-01-01,2016-12-31,23568.2,108935.0,17238.0,359437.0,1268.0,464088.0,15572.0,1201.0,52018.0,1285.0,83637.0,12766.0,279555.0,998.0,365268.0,15572.0,1201.0,52018.0,68228397.0,2219243541.0,253523083.0,2220085201.0,349519475.0,928196268.0,-209006915.0,82441069.0,42400974.0,1325671982.0,196824284.0,71756493.0,3496984604.0,30313950.0,1715022970.0,2511538213.0,861869093.0,5592802552.0,9430012747.0,347240091.0,233550009.0,315471711.0,1342549293.0,909196512.0,3469097989.0,4811647282.0,52371386.0,10309340499.0,5297989337.0,261277686.0,1258710.0,18.481594282992212,16.49323513756147,Profit,152,Q3,validation
1703,50625,CA,R,STH,1,2,2018-07-01,2019-06-30,10932.77,117839.0,17929.0,276395.0,880.0,319792.0,19952.0,2558.0,55908.0,880.0,105622.0,12532.0,222111.0,709.0,257377.0,19952.0,2558.0,55908.0,50787524.0,1281358111.0,162478413.0,1360771475.0,551560433.0,647672129.0,-138068000.0,36099269.0,143695877.0,3584509732.0,113522220.0,1568813.0,2425637884.0,27168923.0,436588169.0,2280100664.0,481541426.0,1029405831.0,6894016227.0,347285876.0,296079961.0,43379087.0,686744924.0,232894571.0,1415529144.0,2102274068.0,245056236.0,14783525559.0,3158339122.0,554770767.0,21489.0,7.7486070450467475,16.431662711154544,Profit,212,Q3,validation
1209,360180,OH,U,STH,1,2,2017-01-01,2017-12-31,23850.0,107738.0,17417.0,360625.0,1266.0,462221.0,15611.0,2117.0,51839.0,1283.0,85104.0,11883.0,279246.0,996.0,363671.0,15611.0,2117.0,51839.0,64383729.0,2265363264.0,243052149.0,2266180239.0,31966476.0,871637350.0,-224549165.0,89200615.0,45606822.0,1096513158.0,197975290.0,77875183.0,3785477690.0,16729557.0,1774253883.0,2575543905.0,537960894.0,6596846679.0,10268903742.0,365774320.0,246946849.0,660050304.0,1415360661.0,990628947.0,3530343931.0,4945704592.0,51813390.0,11035927958.0,5415535406.0,703376000.0,1257401.0,18.30000422435895,16.981694781537474,Profit,142,Q3,validation
654,50441,CA,U,STH,1,2,2016-09-01,2017-08-31,10344.06,56398.0,7637.0,145957.0,447.0,163155.0,9822.0,1078.0,25142.0,477.0,49417.0,6506.0,124291.0,380.0,138700.0,9822.0,1078.0,25142.0,54292131.0,1274464467.0,22669686.0,1253530695.0,837058426.0,2572421296.0,-2030879020.0,47723305.0,32560294.0,1529815148.0,20517753.0,9037869.0,1048762548.0,70653005.0,988021965.0,942363757.0,2263330780.0,3612832030.0,6085010935.0,248741009.0,202943131.0,273727103.0,990019531.0,406982772.0,1596511998.0,2586531529.0,190017256.0,12580907019.0,3545136576.0,482781304.0,15343.0,20.83275115271762,4.014860196832432,Profit,128,Q3,validation
207,310052,NJ,U,STH,1,2,2016-01-01,2016-12-31,1615.75,43424.0,1900.0,71321.0,272.0,99552.0,7803.0,367.0,15251.0,272.0,39562.0,794.0,62410.0,248.0,90768.0,7803.0,367.0,15251.0,11824728.0,115770944.0,11239107.0,115770944.0,257112459.0,474650553.0,-321663263.0,34390186.0,9181365.0,922508000.0,32024276.0,13628267.0,1049975771.0,217126069.0,596327684.0,974961000.0,622583766.0,751732000.0,2649201000.0,44697491.0,81234606.0,168689530.0,356563000.0,350169378.0,956190000.0,1312753000.0,20570345.0,1353968539.0,289553921.0,36858366.0,41858.0,5.021233471672618,19.919728606240145,Profit,152,Q3,validation
595,50625,CA,U,STH,1,2,2016-07-01,2017-06-30,11550.21,114099.0,19010.0,269374.0,879.0,319071.0,19182.0,3419.0,55693.0,879.0,101418.0,12477.0,214037.0,708.0,256656.0,19182.0,3419.0,55693.0,28987974.0,1232780676.0,151829492.0,1302369156.0,251437316.0,685933062.0,-150345000.0,31801900.0,71116647.0,2767213216.0,113522220.0,1568813.0,2214635590.0,25981815.0,381584792.0,2131557240.0,500133806.0,1135238166.0,6034008622.0,263159648.0,278539208.0,42136569.0,583835425.0,1465396846.0,1465396846.0,2049232271.0,201105475.0,12634979785.0,3013351310.0,451586284.0,22860.0,8.619235719675114,15.310586176727908,Profit,131,Q3,validation
2317,150056,IN,U,STH,1,2,2019-01-01,2019-12-31,8538.0,73925.0,31063.0,320983.0,1243.0,453740.0,11047.0,2724.0,47285.0,1270.0,61839.0,11635.0,229714.0,931.0,339860.0,11047.0,2724.0,47285.0,103057632.0,666406971.0,128281916.0,660233136.0,619656491.0,486764796.0,-15474839.0,68620654.0,102050857.0,1479597483.0,179282714.0,28195669.0,1948141552.0,-1753697.0,1466577410.0,1398749986.0,5744578610.0,7246296952.0,10124644421.0,2294855284.0,230366189.0,43803168.0,2733701733.0,68429678.0,2054714461.0,4788416194.0,36909606.0,6439212501.0,3745399478.0,1039106794.0,20504.0,24.74655853164017,7.691182208349591,Profit,235,Q3,test
1249,520138,WI,U,STH,1,2,2017-01-01,2017-12-31,6026.25,75845.0,22944.0,232102.0,854.0,315458.0,12814.0,4025.0,42083.0,919.0,62534.0,15224.0,175426.0,685.0,253678.0,12814.0,4025.0,42083.0,40354700.0,416269941.0,49198914.0,380739749.0,1804352915.0,776450909.0,-553381854.0,24031818.0,11297101.0,2064292275.0,9371979.0,1893359.0,838167879.0,20065680.0,201332038.0,449637012.0,107794141.0,107794141.0,2621723428.0,57520519.0,28322552.0,16434172.0,104857048.0,7684006.0,255242508.0,360099556.0,10837045.0,3926834223.0,1400324758.0,141045031.0,62134.0,30.71636952998379,7.709144751665755,Profit,142,Q3,test
2017,450647,TX,U,STH,1,4,2019-06-01,2020-05-31,2788.76,34910.0,7352.0,188402.0,819.0,299754.0,5434.0,763.0,30256.0,836.0,26653.0,3329.0,121847.0,601.0,219966.0,5434.0,763.0,30256.0,52384856.0,216231185.0,64175878.0,218903519.0,7869.0,83662591.0,-67165411.0,33110068.0,4294739.0,58002991.0,27293671.0,1170796.0,282458581.0,389107842.0,351434303.0,648886487.0,30340209.0,31146547.0,738036025.0,28651586.0,16778723.0,63098078.0,122925178.0,25345523.0,-2999947069.0,-2877021891.0,43885084.0,5757885886.0,594622309.0,408506824.0,2622634.0,14.580371489467728,10.7319969160775,Profit,220,Q3,test
547,150056,IN,U,STH,1,2,2016-01-01,2016-12-31,8499.0,86613.0,23790.0,320904.0,1215.0,444690.0,13046.0,2726.0,47332.0,1369.0,72475.0,5574.0,229893.0,897.0,328302.0,13046.0,2726.0,47332.0,76192705.0,633145445.0,143179886.0,625088920.0,424393299.0,419469210.0,-9069108.0,48752910.0,28830752.0,1053952231.0,138695819.0,26404637.0,1952987636.0,1753697.0,1376259734.0,1411999487.0,4307889392.0,5115934408.0,7581886126.0,1744557497.0,142848234.0,91800840.0,2190090135.0,23627932.0,1662527839.0,3852617974.0,40915789.0,5355078138.0,3203636431.0,795691141.0,18288.0,32.812594245732555,7.950568678915136,Profit,152,Q3,test
2059,520138,WI,R,STH,1,2,2019-01-01,2019-12-31,6188.96,65408.0,17997.0,219481.0,886.0,318965.0,10079.0,2346.0,35365.0,931.0,54996.0,10461.0,162319.0,693.0,248520.0,10079.0,2346.0,35365.0,41729369.0,451572276.0,54222061.0,410901335.0,2094235765.0,895626071.0,-654314181.0,29338607.0,3173280.0,2368600778.0,14767538.0,2826599.0,842826802.0,31670712.0,224210842.0,509247393.0,119807229.0,119807229.0,2997655400.0,63803126.0,29248221.0,18521780.0,116819194.0,4015196.0,300760215.0,417579409.0,31166600.0,4597300739.0,1521098462.0,187868037.0,60010.0,27.16807625184589,8.271954674220963,Profit,235,Q3,test
562,310112,NJ,U,STH,1,2,2016-01-01,2016-12-31,896.6,21998.0,783.0,37783.0,160.0,58560.0,3678.0,94.0,7360.0,160.0,19843.0,458.0,32981.0,144.0,52704.0,3678.0,94.0,7360.0,7397411.0,60409567.0,5364333.0,60409567.0,257112459.0,474650553.0,-321663263.0,34390186.0,9181365.0,922508000.0,32024276.0,13628267.0,1049975771.0,217126069.0,596327684.0,974961000.0,622583766.0,751732000.0,2649201000.0,44697491.0,81234606.0,168689530.0,356563000.0,350169378.0,956190000.0,1312753000.0,9248934.0,676358040.0,146405566.0,14963596.0,16713.0,3.476669716376944,17.291928438939745,Profit,152,Q2,test
2049,360068,OH,R,STH,1,2,2019-01-01,2019-12-31,4649.62,44223.0,13067.0,183523.0,760.0,271772.0,8420.0,663.0,34048.0,881.0,38252.0,4552.0,133859.0,579.0,211693.0,8420.0,663.0,34048.0,72280749.0,293720831.0,76969029.0,296407979.0,19178542.0,758560802.0,-599450228.0,11657639.0,1978520.0,319909322.0,53438146.0,36598509.0,1253662314.0,11020888.0,380106128.0,893703374.0,58196988.0,509849998.0,1723462694.0,37227327.0,35681882.0,506992124.0,579901333.0,1771252974.0,1771252974.0,2351154307.0,25549881.0,4226141584.0,1074761326.0,-68700457.0,24979.0,21.209762351756034,15.613115016613955,Loss,235,Q0,test
611,520138,WI,U,STH,1,2,2016-01-01,2016-12-31,5881.34,77641.0,31294.0,234765.0,872.0,324911.0,13158.0,5478.0,42672.0,937.0,64016.0,23429.0,180074.0,691.0,258416.0,13158.0,5478.0,42672.0,24840488.0,397476586.0,46254281.0,375637790.0,1627444098.0,765813968.0,-533332281.0,24359676.0,8558261.0,1894445105.0,9341238.0,1522757.0,904092776.0,13639432.0,275959000.0,455299938.0,139144974.0,139144974.0,2488890017.0,56914284.0,29810542.0,16778691.0,106515918.0,3921362.0,289464802.0,395980720.0,32984411.0,3608026474.0,1358916254.0,164001655.0,61368.0,31.61275484220729,7.463172989180028,Profit,152,Q3,test
516,220077,MA,U,STH,1,2,2015-10-01,2016-09-30,6079.52,67491.0,22053.0,187567.0,685.0,250572.0,13162.0,3730.0,36802.0,713.0,60908.0,16896.0,150862.0,568.0,207750.0,13162.0,3730.0,36802.0,16790883.0,419185123.0,57458199.0,414730473.0,83636967.0,132543296.0,-23468809.0,25078010.0,15899561.0,551451178.0,12369482.0,15764389.0,703347987.0,79023776.0,551672822.0,566369822.0,41974135.0,269229371.0,1387050371.0,72540995.0,41315143.0,79448619.0,167231276.0,86329059.0,562427212.0,729658488.0,149950708.0,1147380252.0,1116027454.0,108355089.0,468072.0,17.648678535396925,15.2653865217317,Profit,213,Q3,test
151,50180,CA,U,STH,1,2,2016-01-01,2016-12-31,2003.9,32507.0,9979.0,90279.0,506.0,185196.0,6246.0,481.0,18513.0,554.0,28164.0,7803.0,66079.0,391.0,143106.0,6246.0,481.0,18513.0,13709125.0,271211873.0,47036759.0,271211873.0,36569688.0,711275197.0,-559978380.0,3317170.0,6479456.0,2306610938.0,24974537.0,52540349.0,478351550.0,60654538.0,200407998.0,543094109.0,10465660.0,19791516.0,2869496563.0,45625887.0,31832944.0,16046000.0,1576056775.0,526310230.0,526310230.0,2102367005.0,23223404.0,2899695019.0,798451319.0,101089812.0,27175.0,3.619437721094768,23.591536338546454,Profit,152,Q3,test
2496,260032,MO,U,STH,1,2,2019-01-01,2019-12-31,9099.06,109168.0,49799.0,338225.0,1331.0,485835.0,16084.0,5499.0,52862.0,1331.0,92925.0,41973.0,282892.0,1146.0,422764.0,16084.0,5499.0,52862.0,82850780.0,603921435.0,145924144.0,604590969.0,891907.0,807551396.0,-440920348.0,48688717.0,2074662.0,436557054.0,22045795.0,41286347.0,500905857.0,468980633.0,700367026.0,1042640269.0,418680640.0,432633302.0,1911830625.0,74399896.0,48830150.0,7095026.0,167897030.0,93527274.0,93527274.0,261424304.0,53996137.0,4480093299.0,2097979764.0,158630878.0,17313.0,12.454707363507952,10.46034771558944,Profit,235,Q3,test
1178,150056,IN,U,STH,1,2,2017-01-01,2017-12-31,8320.0,83263.0,24274.0,323775.0,1220.0,445212.0,13198.0,1959.0,48762.0,1256.0,69680.0,12745.0,231281.0,908.0,331332.0,13198.0,1959.0,48762.0,89392895.0,651505483.0,129606654.0,647835514.0,559918060.0,459178361.0,-9387136.0,54141973.0,39599203.0,1260567172.0,150874152.0,24478116.0,1943181391.0,1753697.0,1421976200.0,1411193209.0,4548673048.0,5682283097.0,8354043478.0,1783337419.0,164396506.0,75562664.0,2164532655.0,8416568.0,1586085793.0,3750618448.0,40217069.0,5797166956.0,3244633804.0,1088950331.0,19317.0,31.4295466181239,7.552932649997411,Profit,142,Q3,test
1936,50441,CA,U,STH,1,2,2019-09-01,2020-08-31,12299.48,56889.0,8582.0,154344.0,523.0,191703.0,9815.0,1138.0,26110.0,553.0,49836.0,6996.0,131120.0,414.0,151637.0,9815.0,1138.0,26110.0,45107816.0,1598862697.0,94627828.0,1571803468.0,1573391053.0,1876166348.0,-1283405680.0,115472418.0,68438820.0,2464210045.0,20517753.0,16626974.0,3368230067.0,75983134.0,1396256979.0,3155879900.0,1297224564.0,3477306238.0,9097396183.0,393290403.0,233589236.0,313085380.0,1631681849.0,890815130.0,2947478477.0,4579160326.0,214567553.0,17146812011.0,4734759011.0,-383567066.0,1924379.0,7.1701640564969065,13.51022849449095,Loss,220,Q0,test
2372,390133,PA,R,STH,1,2,2019-07-01,2020-06-30,7429.77,85240.0,20168.0,254498.0,1035.0,380550.0,16224.0,3603.0,50149.0,1211.0,71196.0,13141.0,191915.0,842.0,308404.0,16224.0,3603.0,50149.0,76117756.0,618251195.0,78102519.0,581670610.0,420719685.0,757898931.0,-540608839.0,35702868.0,26366573.0,771066121.0,76434994.0,63897909.0,1151557207.0,4612502.0,707344082.0,1017872472.0,516098684.0,1169726450.0,2958665043.0,78471114.0,60348598.0,42367450.0,421495873.0,518943763.0,1453959727.0,1875455600.0,133771559.0,8566622910.0,2051442016.0,117969363.0,367338.0,12.639307576041192,16.702873103245512,Profit,221,Q3,test
